{
  "applinks": {
    "apps": [],
    "details": [
      {
        "appID": "5D8HZ6C3XX.com.rankmi.rkm",
        "paths": ["*"]
      },
      {
        "appID": "5D8HZ6C3XX.com.rankmi.salfa",
        "paths": ["*"]
      },
      {
        "appID": "5D8HZ6C3XX.com.rankmi.larrainvial",
        "paths": ["*"]
      },
      {
        "appID": "5D8HZ6C3XX.com.rankmi.retail.app",
        "paths": ["*"]
      },
      {
        "appID": "5D8HZ6C3XX.com.rankmi.southbridge",
        "paths": ["*"]
      },
      {
        "appID": "5D8HZ6C3XX.com.rankmi.cerca",
        "paths": ["*"]
      },
      {
        "appID": "5D8HZ6C3XX.com.rankmi.bancosol",
        "paths": ["*"]
      },
      {
        "appID": "5D8HZ6C3XX.com.rankmi.bureauveritas",
        "paths": ["*"]
      }
    ]
  }
}
