[
  {
    "relation": ["delegate_permission/common.handle_all_urls"],
    "target": {
      "namespace": "android_app",
      "package_name": "com.rankmi.rkm",
      "sha256_cert_fingerprints": [
        "FA:C6:17:45:DC:09:03:78:6F:B9:ED:E6:2A:96:2B:39:9F:73:48:F0:BB:6F:89:9B:83:32:66:75:91:03:3B:9C",
        "A8:2F:44:A0:CD:A1:DB:32:47:D0:D9:2E:18:71:5F:29:A2:66:80:8C:F1:1E:A3:89:62:0D:F4:B5:21:74:5F:C0",
        "51:84:32:CB:CB:87:EE:3C:A7:B9:55:41:17:5F:EE:22:05:86:CF:BC:8D:EB:68:F5:C6:26:45:A8:3D:0C:82:92"
      ]
    }
  },
  {
    "relation": ["delegate_permission/common.handle_all_urls"],
    "target": {
      "namespace": "android_app",
      "package_name": "com.rankmi.salfa",
      "sha256_cert_fingerprints": [
        "FA:C6:17:45:DC:09:03:78:6F:B9:ED:E6:2A:96:2B:39:9F:73:48:F0:BB:6F:89:9B:83:32:66:75:91:03:3B:9C",
        "A8:2F:44:A0:CD:A1:DB:32:47:D0:D9:2E:18:71:5F:29:A2:66:80:8C:F1:1E:A3:89:62:0D:F4:B5:21:74:5F:C0",
        "47:58:C2:05:7C:47:BE:1D:46:5F:5F:FE:BA:AE:C1:AA:8E:59:07:8C:37:17:6A:6F:2B:17:0A:26:2C:8D:73:04"
      ]
    }
  },
  {
    "relation": ["delegate_permission/common.handle_all_urls"],
    "target": {
      "namespace": "android_app",
      "package_name": "com.rankmi.larrainvial",
      "sha256_cert_fingerprints": [
        "FA:C6:17:45:DC:09:03:78:6F:B9:ED:E6:2A:96:2B:39:9F:73:48:F0:BB:6F:89:9B:83:32:66:75:91:03:3B:9C",
        "A8:2F:44:A0:CD:A1:DB:32:47:D0:D9:2E:18:71:5F:29:A2:66:80:8C:F1:1E:A3:89:62:0D:F4:B5:21:74:5F:C0",
        "B9:33:B7:05:0A:ED:01:A7:B1:55:BC:70:00:54:DA:8E:6A:2B:4C:18:95:23:A6:DA:71:53:E9:6F:74:AB:81:B1"
      ]
    }
  },
  {
    "relation": ["delegate_permission/common.handle_all_urls"],
    "target": {
      "namespace": "android_app",
      "package_name": "com.rankmi.retail.app",
      "sha256_cert_fingerprints": [
        "FA:C6:17:45:DC:09:03:78:6F:B9:ED:E6:2A:96:2B:39:9F:73:48:F0:BB:6F:89:9B:83:32:66:75:91:03:3B:9C",
        "A8:2F:44:A0:CD:A1:DB:32:47:D0:D9:2E:18:71:5F:29:A2:66:80:8C:F1:1E:A3:89:62:0D:F4:B5:21:74:5F:C0",
        "A8:2F:44:A0:CD:A1:DB:32:47:D0:D9:2E:18:71:5F:29:A2:66:80:8C:F1:1E:A3:89:62:0D:F4:B5:21:74:5F:C0"
      ]
    }
  },
  {
    "relation": ["delegate_permission/common.handle_all_urls"],
    "target": {
      "namespace": "android_app",
      "package_name": "com.rankmi.southbridge",
      "sha256_cert_fingerprints": [
        "FA:C6:17:45:DC:09:03:78:6F:B9:ED:E6:2A:96:2B:39:9F:73:48:F0:BB:6F:89:9B:83:32:66:75:91:03:3B:9C",
        "A8:2F:44:A0:CD:A1:DB:32:47:D0:D9:2E:18:71:5F:29:A2:66:80:8C:F1:1E:A3:89:62:0D:F4:B5:21:74:5F:C0",
        "FF:BF:76:11:CD:72:99:47:2A:B3:9D:30:03:D0:E8:08:7E:E5:C5:E7:C4:A1:35:6E:5E:C8:E6:E4:CC:CD:CA:45"
      ]
    }
  },
  {
    "relation": ["delegate_permission/common.handle_all_urls"],
    "target": {
      "namespace": "android_app",
      "package_name": "com.rankmi.cerca",
      "sha256_cert_fingerprints": [
        "FA:C6:17:45:DC:09:03:78:6F:B9:ED:E6:2A:96:2B:39:9F:73:48:F0:BB:6F:89:9B:83:32:66:75:91:03:3B:9C",
        "A8:2F:44:A0:CD:A1:DB:32:47:D0:D9:2E:18:71:5F:29:A2:66:80:8C:F1:1E:A3:89:62:0D:F4:B5:21:74:5F:C0",
        "B3:65:FE:A5:C3:C0:39:A5:81:34:87:5F:A1:2A:D7:C3:8B:B2:6B:F9:ED:2C:17:3D:66:43:4C:49:0B:3D:E2:8B"
      ]
    }
  },
  {
    "relation": ["delegate_permission/common.handle_all_urls"],
    "target": {
      "namespace": "android_app",
      "package_name": "com.rankmi.bancosol",
      "sha256_cert_fingerprints": [
        "FA:C6:17:45:DC:09:03:78:6F:B9:ED:E6:2A:96:2B:39:9F:73:48:F0:BB:6F:89:9B:83:32:66:75:91:03:3B:9C",
        "A8:2F:44:A0:CD:A1:DB:32:47:D0:D9:2E:18:71:5F:29:A2:66:80:8C:F1:1E:A3:89:62:0D:F4:B5:21:74:5F:C0",
        "80:ED:BF:D1:53:3A:33:6A:76:30:07:D4:D7:26:5C:02:E6:06:F6:91:4F:3A:FE:D5:2A:3B:F8:99:2F:DE:05:47"
      ]
    }
  },
  {
    "relation": ["delegate_permission/common.handle_all_urls"],
    "target": {
      "namespace": "android_app",
      "package_name": "com.rankmi.bureauveritas",
      "sha256_cert_fingerprints": [
        "FA:C6:17:45:DC:09:03:78:6F:B9:ED:E6:2A:96:2B:39:9F:73:48:F0:BB:6F:89:9B:83:32:66:75:91:03:3B:9C",
        "A8:2F:44:A0:CD:A1:DB:32:47:D0:D9:2E:18:71:5F:29:A2:66:80:8C:F1:1E:A3:89:62:0D:F4:B5:21:74:5F:C0",
        "72:44:89:01:4D:93:A0:E7:FE:37:91:78:E4:9B:B0:AF:C7:9F:BD:9F:9B:5B:FB:E8:01:E6:77:D7:28:53:72:58"
      ]
    }
  }
]
